time,voltage,speed,distance_traveled
1740707945873,0.0,0.0,0.0
1740707945973,0.0,0.0,0.0
1740707946074,0.0,0.0,0.0
1740707946182,0.0,0.0,0.0
1740707946277,0.0,0.0,0.0
1740707946378,0.0,0.0,0.0
1740707946482,0.0,0.0,0.0
1740707946582,0.0,0.0,0.0
1740707946681,0.0,0.0,0.0
1740707946781,0.0,0.0,0.0
1740707946883,0.0,0.0,0.0
1740707946984,0.0,0.0,0.0
1740707947086,0.4,0.0,0.0
1740707947191,0.0,0.0,0.0
1740707947298,0.0,0.0,0.0
1740707947389,1.21,0.0,0.0
1740707947494,0.0,0.0,0.0
1740707947601,0.0,0.0,0.0
1740707947693,0.0,0.0,0.0
1740707947794,0.0,0.0,0.0
1740707947898,0.4,0.0,0.0
1740707947996,0.0,0.0,0.0
1740707948097,0.0,0.0,0.0
1740707948198,0.0,0.0,0.0
1740707948299,0.4,0.0,0.0
1740707948400,0.0,0.0,0.0
1740707948502,0.0,0.0,0.0
1740707948603,0.0,0.0,0.0
1740707948704,0.0,0.0,0.0
1740707948805,0.0,0.0,0.0
1740707948906,0.0,0.0,0.0
1740707949010,0.4,0.0,0.0
1740707949111,0.0,0.0,0.0
1740707949215,0.0,0.0,0.0
1740707949311,0.0,0.0,0.0
1740707950658,0.0,0.0,0.0
1740707950735,0.0,0.0,0.0
1740707950827,0.0,0.0,0.0
1740707950929,0.0,0.0,0.0
1740707951030,0.0,0.0,0.0
1740707951132,0.0,0.0,0.0
1740707951234,0.0,0.0,0.0
1740707951333,0.0,0.0,0.0
1740707951436,0.0,0.0,0.0
1740707951535,0.0,0.0,0.0
1740707951636,1.21,0.0,0.0
1740707951738,0.0,0.0,0.0
1740707951839,0.0,0.0,0.0
1740707951940,0.0,0.0,0.0
1740707952042,0.0,0.0,0.0
1740707952144,0.0,0.0,0.0
1740707952244,0.81,0.0,0.0
1740707952344,0.0,0.0,0.0
1740707952446,0.0,0.0,0.0
1740707952546,0.0,0.0,0.0
1740707952762,0.0,0.0,0.0
1740707952850,1.21,0.0,0.0
1740707952952,0.0,0.0,0.0
1740707953055,0.0,0.0,0.0
1740707953156,0.81,0.0,0.0
1740707953256,0.0,0.0,0.0
1740707953356,0.81,0.0,0.0
1740707953459,0.0,0.0,0.0
1740707953560,1.21,0.0,0.0
1740707953659,0.0,0.0,0.0
1740707953762,0.0,0.0,0.0
1740707953870,0.0,0.0,0.0
1740707953969,0.0,0.0,0.0
1740707954066,0.4,0.0,0.0
1740707954165,0.0,0.0,0.0
1740707954266,0.0,0.0,0.0
1740707954368,0.0,0.0,0.0
1740707954469,0.4,0.0,0.0
1740707954569,2.02,0.0,0.0
1740707954671,1.21,0.0,0.0
1740707954893,0.0,0.0,0.0
1740707954974,0.0,0.0,0.0
1740707955090,0.0,0.0,0.0
1740707955181,0.4,0.0,0.0
1740707955281,0.0,0.0,0.0
1740707955385,0.0,0.0,0.0
1740707955486,0.0,0.0,0.0
1740707955584,0.0,0.0,0.0
1740707955690,0.0,0.0,0.0
1740707955785,0.0,0.0,0.0
1740707955888,0.0,0.0,0.0
1740707955988,0.0,0.0,0.0
1740707956088,0.81,0.0,0.0
1740707956194,0.81,0.0,0.0
1740707956295,0.4,0.0,0.0
1740707956395,0.0,0.0,0.0
1740707956502,0.0,0.0,0.0
1740707956598,0.0,0.0,0.0
1740707956698,0.0,0.0,0.0
1740707956801,0.0,0.0,0.0
1740707957026,0.0,0.0,0.0
1740707957107,0.0,0.0,0.0
1740707957203,0.0,0.0,0.0
1740707957304,0.0,0.0,0.0
1740707957404,0.0,0.0,0.0
1740707957512,0.0,0.0,0.0
1740707957619,0.0,0.0,0.0
1740707957707,0.0,0.0,0.0
1740707957818,0.0,0.0,0.0
1740707957915,0.0,0.0,0.0
1740707958010,0.0,0.0,0.0
1740707958114,0.0,0.0,0.0
1740707958212,0.0,0.0,0.0
1740707958317,0.0,0.0,0.0
1740707958416,0.0,0.0,0.0
1740707958516,0.0,0.0,0.0
1740707958619,0.0,0.0,0.0
1740707958718,0.0,0.0,0.0
1740707958819,0.0,0.0,0.0
1740707958922,0.4,0.0,0.0
1740707959143,0.0,0.0,0.0
1740707959224,0.0,0.0,0.0
1740707959329,0.0,0.0,0.0
1740707959426,0.0,0.0,0.0
1740707959530,0.0,0.0,0.0
1740707959630,0.0,0.0,0.0
1740707959729,1.21,0.0,0.0
1740707959832,0.0,0.0,0.0
1740707959931,0.0,0.0,0.0
1740707960033,0.0,0.0,0.0
1740707960134,0.0,0.0,0.0
1740707960235,1.21,0.0,0.0
1740707960335,0.0,0.0,0.0
1740707960437,0.0,0.0,0.0
1740707960538,1.21,0.0,0.0
1740707960639,0.0,0.0,0.0
1740707960739,1.21,0.0,0.0
1740707960841,0.0,0.0,0.0
1740707960942,0.0,0.0,0.0
1740707961043,0.4,0.0,0.0
1740707961262,0.81,0.0,0.0
1740707961347,0.0,0.0,0.0
1740707961448,1.21,0.0,0.0
1740707961551,0.0,0.0,0.0
1740707987998,0.0,0.0,0.0
1740708003912,0.0,0.0,0.0
1740708004011,0.0,0.0,0.0
1740708004111,1.21,0.0,0.0
1740708004215,0.0,0.0,0.0
1740708004313,0.0,0.0,0.0
1740708004414,0.0,0.0,0.0
1740708004515,0.0,0.0,0.0
1740708004617,0.0,0.0,0.0
1740708004718,0.0,0.0,0.0
1740708004819,0.0,0.0,0.0
1740708004920,0.0,0.0,0.0
1740708005021,0.0,0.0,0.0
1740708005122,0.4,0.0,0.0
1740708005223,0.0,0.0,0.0
1740708005325,0.0,0.0,0.0
1740708005540,0.0,0.0,0.0
1740708005628,0.0,0.0,0.0
1740708005729,0.0,0.0,0.0
1740708005830,0.0,0.0,0.0
1740708005931,0.0,0.0,0.0
1740708006032,0.0,0.0,0.0
1740708006134,0.0,0.0,0.0
1740708006235,0.0,0.0,0.0
1740708006336,0.0,0.0,0.0
1740708006437,0.0,0.0,0.0
1740708006538,0.0,0.0,0.0
1740708006639,0.4,0.0,0.0
1740708006740,0.0,0.0,0.0
1740708006842,0.4,0.0,0.0
1740708006943,0.0,0.0,0.0
1740708007044,0.0,0.0,0.0
1740708007146,0.0,0.0,0.0
1740708007247,0.0,0.0,0.0
1740708007348,0.0,0.0,0.0
1740708007449,0.0,0.0,0.0
1740708007667,0.0,0.0,0.0
1740708007753,0.0,0.0,0.0
1740708007854,0.0,0.0,0.0
1740708007955,0.0,0.0,0.0
1740708008056,0.0,0.0,0.0
1740708008157,0.0,0.0,0.0
1740708008259,0.0,0.0,0.0
1740708008360,0.0,0.0,0.0
1740708008460,0.0,0.0,0.0
1740708008562,0.0,0.0,0.0
1740708008663,0.0,0.0,0.0
1740708008764,0.0,0.0,0.0
1740708008865,0.0,0.0,0.0
1740708008966,0.0,0.0,0.0
1740708009067,0.0,0.0,0.0
1740708009168,1.21,0.0,0.0
1740708009270,0.0,0.0,0.0
1740708009370,0.0,0.0,0.0
1740708009471,0.0,0.0,0.0
1740708009573,0.0,0.0,0.0
1740708009789,0.4,0.0,0.0
1740708009877,0.0,0.0,0.0
1740708009978,0.0,0.0,0.0
1740708010078,0.0,0.0,0.0
1740708010180,0.0,0.0,0.0
1740708010280,0.0,0.0,0.0
1740708010381,0.0,0.0,0.0
1740708010483,0.0,0.0,0.0
1740708010584,0.0,0.0,0.0
1740708010685,0.0,0.0,0.0
1740708010787,0.0,0.0,0.0
1740708010887,0.0,0.0,0.0
1740708010988,0.0,0.0,0.0
1740708011090,0.0,0.0,0.0
1740708011191,0.0,0.0,0.0
1740708011292,0.4,0.0,0.0
1740708011393,0.4,0.0,0.0
1740708011494,0.0,0.0,0.0
1740708011595,0.0,0.0,0.0
1740708011696,0.0,0.0,0.0
1740708011912,0.0,0.0,0.0
1740708012001,0.0,0.0,0.0
1740708012100,0.0,0.0,0.0
1740708012201,0.81,0.0,0.0
1740708012302,0.0,0.0,0.0
1740708012403,0.0,0.0,0.0
1740708012504,0.0,0.0,0.0
1740708012605,0.0,0.0,0.0
1740708012706,0.0,0.0,0.0
1740708012808,0.4,0.0,0.0
1740708012909,0.0,0.0,0.0
1740708013010,0.0,0.0,0.0
1740708013111,0.0,0.0,0.0
1740708013212,0.0,0.0,0.0
1740708013313,0.0,0.0,0.0
1740708013414,0.0,0.0,0.0
1740708013515,0.0,0.0,0.0
1740708013616,0.0,0.0,0.0
1740708013718,0.0,0.0,0.0
1740708013819,0.0,0.0,0.0
1740708014035,0.0,0.0,0.0
1740708014122,0.0,0.0,0.0
1740708014223,0.4,0.0,0.0
1740708014325,0.0,0.0,0.0
1740708014426,0.0,0.0,0.0
1740708014527,0.0,0.0,0.0
1740708014628,0.0,0.0,0.0
1740708014729,0.4,0.0,0.0
1740708014830,0.0,0.0,0.0
1740708014931,0.0,0.0,0.0
1740708015032,0.0,0.0,0.0
1740708015133,0.0,0.0,0.0
1740708015235,0.0,0.0,0.0
1740708015336,0.0,0.0,0.0
1740708015437,0.0,0.0,0.0
1740708015538,0.0,0.0,0.0
1740708015639,0.0,0.0,0.0
1740708015740,0.0,0.0,0.0
1740708015842,0.0,0.0,0.0
1740708015943,0.0,0.0,0.0
1740708016158,0.0,0.0,0.0
1740708016246,0.0,0.0,0.0
1740708016347,0.0,0.0,0.0
1740708016448,0.0,0.0,0.0
1740708016549,0.0,0.0,0.0
1740708016650,0.0,0.0,0.0
1740708016751,0.0,0.0,0.0
1740708016853,0.0,0.0,0.0
1740708016954,0.0,0.0,0.0
1740708017055,0.0,0.0,0.0
1740708017159,0.81,0.0,0.0
1740708017258,0.0,0.0,0.0
1740708017359,0.0,0.0,0.0
1740708017460,0.0,0.0,0.0
1740708017562,0.0,0.0,0.0
1740708017662,0.0,0.0,0.0
1740708017763,0.0,0.0,0.0
1740708017865,0.0,0.0,0.0
1740708017966,0.4,0.0,0.0
1740708018068,0.0,0.0,0.0
1740708018282,0.0,0.0,0.0
1740708018369,0.0,0.0,0.0
1740708018470,0.0,0.0,0.0
1740708018572,0.0,0.0,0.0
1740708018673,0.0,0.0,0.0
1740708018774,0.0,0.0,0.0
1740708018875,0.0,0.0,0.0
1740708018976,0.0,0.0,0.0
1740708019077,0.4,0.0,0.0
1740708019178,0.0,0.0,0.0
1740708019280,0.0,0.0,0.0
1740708019381,0.0,0.0,0.0
1740708019482,0.0,0.0,0.0
1740708019583,0.0,0.0,0.0
1740708019684,0.0,0.0,0.0
1740708019785,0.0,0.0,0.0
1740708019886,0.0,0.0,0.0
1740708019987,0.0,0.0,0.0
1740708020089,0.0,0.0,0.0
1740708020190,0.0,0.0,0.0
1740708020406,0.0,0.0,0.0
1740708020493,0.0,0.0,0.0
1740708020594,0.0,0.0,0.0
1740708020695,0.4,0.0,0.0
1740708020796,0.0,0.0,0.0
1740708020898,0.4,0.0,0.0
1740708020999,0.0,0.0,0.0
1740708021100,0.0,0.0,0.0
1740708021201,0.4,0.0,0.0
1740708021302,0.0,0.0,0.0
1740708021403,0.0,0.0,0.0
1740708021504,0.0,0.0,0.0
1740708021606,0.81,0.0,0.0
1740708021707,0.0,0.0,0.0
1740708021808,0.0,0.0,0.0
1740708021909,0.0,0.0,0.0
1740708022010,0.0,0.0,0.0
1740708022111,0.0,0.0,0.0
1740708022212,0.0,0.0,0.0
1740708022313,0.0,0.0,0.0
1740708022531,0.0,0.0,0.0
1740708022617,0.0,0.0,0.0
1740708022718,0.0,0.0,0.0
1740708022819,0.0,0.0,0.0
1740708022920,0.0,0.0,0.0
1740708023021,0.0,0.0,0.0
1740708023124,0.4,0.0,0.0
1740708023224,0.0,0.0,0.0
1740708023325,0.0,0.0,0.0
1740708023426,0.0,0.0,0.0
1740708023527,0.0,0.0,0.0
1740708023628,0.0,0.0,0.0
1740708023729,0.0,0.0,0.0
1740708023830,0.0,0.0,0.0
1740708023931,0.0,0.0,0.0
1740708024032,0.0,0.0,0.0
1740708024134,0.4,0.0,0.0
1740708024235,0.0,0.0,0.0
1740708024336,0.0,0.0,0.0
1740708024437,0.0,0.0,0.0
1740708024651,0.0,0.0,0.0
1740708024740,0.0,0.0,0.0
1740708024843,0.0,0.0,0.0
1740708024942,0.81,0.0,0.0
1740708025044,0.4,0.0,0.0
1740708025145,0.4,0.0,0.0
1740708025246,0.0,0.0,0.0
1740708025347,0.0,0.0,0.0
1740708025448,0.0,0.0,0.0
1740708025549,0.0,0.0,0.0
1740708025650,0.0,0.0,0.0
1740708025752,0.0,0.0,0.0
1740708025853,0.0,0.0,0.0
1740708025954,0.0,0.0,0.0
1740708026055,0.0,0.0,0.0
1740708026156,0.0,0.0,0.0
1740708026257,0.0,0.0,0.0
1740708026359,0.81,0.0,0.0
1740708026459,0.0,0.0,0.0
1740708026560,0.0,0.0,0.0
1740708026776,0.4,0.0,0.0
1740708026864,0.0,0.0,0.0
1740708026965,0.0,0.0,0.0
1740708027066,0.0,0.0,0.0
1740708027168,0.0,0.0,0.0
1740708027268,0.0,0.0,0.0
1740708027369,0.0,0.0,0.0
1740708027471,0.0,0.0,0.0
1740708027572,0.0,0.0,0.0
1740708027673,0.4,0.0,0.0
1740708027774,0.0,0.0,0.0
1740708027875,0.0,0.0,0.0
1740708027976,0.0,0.0,0.0
1740708028077,0.0,0.0,0.0
1740708028179,0.0,0.0,0.0
1740708028282,0.0,0.0,0.0
1740708028382,0.0,0.0,0.0
1740708028482,0.0,0.0,0.0
1740708028584,0.0,0.0,0.0
1740708028685,0.0,0.0,0.0
1740708028902,0.0,0.0,0.0
1740708028989,0.0,0.0,0.0
1740708029090,0.0,0.0,0.0
1740708029191,0.0,0.0,0.0
1740708029293,0.0,0.0,0.0
1740708029393,0.0,0.0,0.0
1740708029494,0.0,0.0,0.0
1740708029595,0.0,0.0,0.0
1740708029696,0.0,0.0,0.0
1740708029798,0.0,0.0,0.0
1740708029898,0.0,0.0,0.0
1740708029999,0.0,0.0,0.0
1740708030101,0.0,0.0,0.0
1740708030202,0.0,0.0,0.0
1740708030303,0.0,0.0,0.0
1740708030404,0.0,0.0,0.0
1740708030505,0.0,0.0,0.0
1740708030606,0.0,0.0,0.0
1740708030707,0.0,0.0,0.0
1740708030809,0.0,0.0,0.0
1740708031027,0.0,0.0,0.0
1740708031112,0.0,0.0,0.0
1740708031213,0.0,0.0,0.0
1740708031314,0.0,0.0,0.0
1740708031415,0.0,0.0,0.0
1740708031516,0.0,0.0,0.0
1740708031617,0.0,0.0,0.0
1740708031718,0.0,0.0,0.0
1740708031820,0.0,0.0,0.0
1740708031921,0.0,0.0,0.0
1740708032022,0.0,0.0,0.0
1740708032123,0.0,0.0,0.0
1740708032224,0.0,0.0,0.0
1740708032325,0.0,0.0,0.0
1740708032425,0.0,0.0,0.0
1740708032526,0.0,0.0,0.0
1740708032627,0.0,0.0,0.0
1740708032729,0.0,0.0,0.0
1740708032830,0.0,0.0,0.0
1740708032931,0.0,0.0,0.0
1740708033148,0.0,0.0,0.0
1740708033234,0.0,0.0,0.0
1740708033335,0.0,0.0,0.0
1740708033436,0.0,0.0,0.0
1740708033538,0.4,0.0,0.0
1740708033639,0.0,0.0,0.0
1740708033740,0.0,0.0,0.0
1740708033841,1.21,0.0,0.0
1740708033942,0.0,0.0,0.0
1740708034043,0.0,0.0,0.0
1740708034144,0.0,0.0,0.0
1740708034246,0.0,0.0,0.0
1740708034347,0.0,0.0,0.0
1740708034448,0.0,0.0,0.0
1740708034549,0.0,0.0,0.0
1740708034650,0.0,0.0,0.0
1740708034753,0.0,0.0,0.0
1740708034853,0.0,0.0,0.0
1740708034954,0.4,0.0,0.0
1740708035055,0.0,0.0,0.0
1740708035270,0.0,0.0,0.0
1740708035363,0.0,0.0,0.0
1740708035459,0.0,0.0,0.0
1740708035561,0.0,0.0,0.0
1740708035662,0.0,0.0,0.0
1740708035763,0.0,0.0,0.0
1740708035864,0.0,0.0,0.0
1740708035965,0.0,0.0,0.0
1740708036066,0.0,0.0,0.0
1740708036167,0.0,0.0,0.0
1740708036268,0.0,0.0,0.0
1740708036369,0.0,0.0,0.0
1740708036470,0.0,0.0,0.0
1740708036572,0.0,0.0,0.0
1740708036673,0.0,0.0,0.0
1740708036774,0.0,0.0,0.0
1740708036875,0.0,0.0,0.0
1740708036976,0.0,0.0,0.0
1740708037077,0.0,0.0,0.0
1740708037178,0.0,0.0,0.0
1740708037394,0.0,0.0,0.0
1740708037481,0.0,0.0,0.0
1740708037583,0.0,0.0,0.0
1740708037684,0.0,0.0,0.0
1740708037785,0.0,0.0,0.0
1740708037886,0.0,0.0,0.0
1740708037987,0.0,0.0,0.0
1740708038088,0.0,0.0,0.0
1740708038189,0.0,0.0,0.0
1740708038291,0.4,0.0,0.0
1740708038392,0.0,0.0,0.0
1740708038493,0.0,0.0,0.0
1740708038594,0.0,0.0,0.0
1740708038695,0.0,0.0,0.0
1740708038796,0.0,0.0,0.0
1740708038897,0.0,0.0,0.0
1740708038998,0.0,0.0,0.0
1740708039099,0.0,0.0,0.0
1740708039200,0.0,0.0,0.0
1740708039302,0.0,0.0,0.0
1740708039517,0.0,0.0,0.0
1740708039605,0.0,0.0,0.0
1740708039706,0.0,0.0,0.0
1740708039807,0.4,0.0,0.0
1740708039909,0.0,0.0,0.0
1740708040009,0.0,0.0,0.0
1740708040111,0.0,0.0,0.0
1740708040212,0.0,0.0,0.0
1740708040313,0.4,0.0,0.0
1740708040414,0.0,0.0,0.0
1740708040515,0.0,0.0,0.0
1740708040616,0.0,0.0,0.0
1740708040717,0.0,0.0,0.0
1740708040818,0.0,0.0,0.0
1740708040920,0.0,0.0,0.0
1740708041021,0.0,0.0,0.0
1740708041122,0.0,0.0,0.0
1740708041223,0.0,0.0,0.0
1740708041324,0.0,0.0,0.0
1740708041425,0.0,0.0,0.0
1740708041641,0.0,0.0,0.0
1740708041729,0.0,0.0,0.0
1740708041830,0.0,0.0,0.0
1740708041931,0.0,0.0,0.0
1740708042032,0.0,0.0,0.0
1740708042133,0.0,0.0,0.0
1740708042234,0.0,0.0,0.0
1740708042337,0.0,0.0,0.0
1740708042438,0.0,0.0,0.0
1740708042539,0.0,0.0,0.0
1740708042639,0.0,0.0,0.0
1740708042741,0.0,0.0,0.0
1740708042842,0.0,0.0,0.0
1740708042943,0.0,0.0,0.0
1740708043044,0.0,0.0,0.0
1740708043145,0.0,0.0,0.0
1740708043247,0.0,0.0,0.0
1740708043348,0.0,0.0,0.0
1740708043449,0.0,0.0,0.0
1740708043550,0.0,0.0,0.0
1740708043766,0.0,0.0,0.0
1740708043854,0.0,0.0,0.0
1740708043955,0.0,0.0,0.0
1740708044054,0.0,0.0,0.0
1740708044155,0.0,0.0,0.0
1740708044256,0.0,0.0,0.0
1740708044358,0.0,0.0,0.0
1740708044459,0.0,0.0,0.0
1740708044560,0.0,0.0,0.0
1740708044661,0.4,0.0,0.0
1740708044762,0.0,0.0,0.0
1740708044863,0.0,0.0,0.0
1740708044964,0.0,0.0,0.0
1740708045065,0.0,0.0,0.0
1740708045167,0.0,0.0,0.0
1740708045268,0.0,0.0,0.0
1740708045369,0.0,0.0,0.0
1740708045470,0.0,0.0,0.0
1740708045571,0.0,0.0,0.0
1740708045672,0.4,0.0,0.0
1740708045887,0.0,0.0,0.0
1740708045975,0.0,0.0,0.0
1740708046077,0.0,0.0,0.0
1740708046178,0.0,0.0,0.0
1740708046279,0.0,0.0,0.0
1740708046380,0.0,0.0,0.0
1740708046481,0.0,0.0,0.0
1740708046582,0.0,0.0,0.0
1740708046683,0.0,0.0,0.0
1740708046784,0.0,0.0,0.0
1740708046885,0.0,0.0,0.0
1740708046987,0.0,0.0,0.0
1740708047088,0.0,0.0,0.0
1740708047189,0.0,0.0,0.0
1740708047290,0.81,0.0,0.0
1740708047391,0.0,0.0,0.0
1740708047492,0.0,0.0,0.0
1740708047593,0.0,0.0,0.0
1740708047694,0.4,0.0,0.0
1740708047796,0.0,0.0,0.0
1740708048012,0.0,0.0,0.0
1740708048099,0.0,0.0,0.0
1740708048200,0.0,0.0,0.0
1740708048301,0.0,0.0,0.0
1740708048403,0.0,0.0,0.0
1740708048504,0.0,0.0,0.0
1740708048605,0.0,0.0,0.0
1740708048706,0.0,0.0,0.0
1740708048806,0.0,0.0,0.0
1740708048908,0.0,0.0,0.0
1740708049009,0.0,0.0,0.0
1740708049112,0.0,0.0,0.0
1740708049212,0.0,0.0,0.0
1740708049313,0.0,0.0,0.0
1740708049414,0.0,0.0,0.0
1740708049516,0.0,0.0,0.0
1740708049617,0.0,0.0,0.0
1740708049718,0.0,0.0,0.0
1740708049819,0.0,0.0,0.0
1740708049920,0.0,0.0,0.0
1740708050136,0.0,0.0,0.0
1740708050224,0.0,0.0,0.0
1740708050325,0.0,0.0,0.0
1740708050426,0.0,0.0,0.0
1740708050527,0.0,0.0,0.0
1740708050628,0.0,0.0,0.0
1740708050729,0.0,0.0,0.0
1740708050830,0.0,0.0,0.0
1740708050933,0.0,0.0,0.0
1740708051032,0.0,0.0,0.0
1740708051133,0.0,0.0,0.0
1740708051235,0.0,0.0,0.0
1740708051336,0.0,0.0,0.0
1740708051437,0.0,0.0,0.0
1740708051538,0.0,0.0,0.0
1740708051639,0.0,0.0,0.0
1740708051741,0.0,0.0,0.0
1740708051841,0.0,0.0,0.0
1740708051942,0.0,0.0,0.0
1740708052044,0.0,0.0,0.0
1740708052260,0.0,0.0,0.0
1740708052347,0.0,0.0,0.0
1740708052448,0.0,0.0,0.0
1740708052549,0.0,0.0,0.0
1740708052650,0.0,0.0,0.0
1740708052751,0.0,0.0,0.0
1740708052852,0.0,0.0,0.0
1740708052953,0.0,0.0,0.0
1740708053054,0.0,0.0,0.0
1740708053156,0.0,0.0,0.0
1740708053257,0.0,0.0,0.0
1740708053358,0.0,0.0,0.0
1740708053460,0.0,0.0,0.0
1740708053560,0.0,0.0,0.0
1740708053661,0.0,0.0,0.0
1740708053762,0.0,0.0,0.0
1740708053864,0.0,0.0,0.0
1740708053966,0.0,0.0,0.0
1740708054066,0.0,0.0,0.0
1740708054166,0.0,0.0,0.0
1740708054383,0.0,0.0,0.0
1740708054471,0.0,0.0,0.0
1740708054572,0.0,0.0,0.0
1740708054672,0.0,0.0,0.0
1740708054774,0.0,0.0,0.0
1740708054875,0.0,0.0,0.0
1740708054976,0.0,0.0,0.0
1740708055077,0.0,0.0,0.0
1740708055178,0.0,0.0,0.0
1740708055279,0.0,0.0,0.0
1740708055380,0.0,0.0,0.0
1740708055481,0.0,0.0,0.0
1740708055582,0.0,0.0,0.0
1740708055683,0.0,0.0,0.0
1740708055785,0.0,0.0,0.0
1740708055886,0.0,0.0,0.0
1740708055987,0.0,0.0,0.0
1740708056088,0.0,0.0,0.0
1740708056189,0.4,0.0,0.0
1740708056290,0.0,0.0,0.0
1740708056507,0.0,0.0,0.0
1740708056594,0.0,0.0,0.0
1740708056695,0.0,0.0,0.0
1740708056796,0.0,0.0,0.0
1740708056897,0.0,0.0,0.0
1740708056998,0.0,0.0,0.0
1740708057099,0.0,0.0,0.0
1740708057200,0.0,0.0,0.0
1740708057301,0.0,0.0,0.0
1740708057402,0.0,0.0,0.0
1740708057504,0.0,0.0,0.0
1740708057606,0.0,0.0,0.0
1740708057705,0.0,0.0,0.0
1740708057806,0.0,0.0,0.0
1740708057907,0.0,0.0,0.0
1740708058008,0.4,0.0,0.0
1740708058109,0.0,0.0,0.0
1740708058210,0.0,0.0,0.0
1740708058311,0.0,0.0,0.0
1740708058412,0.0,0.0,0.0
1740708058628,0.0,0.0,0.0
1740708058716,0.0,0.0,0.0
1740708058817,0.4,0.0,0.0
1740708058918,0.0,0.0,0.0
1740708059019,0.0,0.0,0.0
1740708059120,0.0,0.0,0.0
1740708059222,0.0,0.0,0.0
1740708059323,0.4,0.0,0.0
1740708059424,0.0,0.0,0.0
1740708059525,0.0,0.0,0.0
1740708059626,0.0,0.0,0.0
1740708059727,0.0,0.0,0.0
1740708059828,0.0,0.0,0.0
1740708059929,0.0,0.0,0.0
1740708060031,0.0,0.0,0.0
1740708060132,0.0,0.0,0.0
1740708060233,0.0,0.0,0.0
1740708060334,0.0,0.0,0.0
1740708060435,0.0,0.0,0.0
1740708060536,0.0,0.0,0.0
1740708060751,0.0,0.0,0.0
1740708060839,0.0,0.0,0.0
1740708060941,0.0,0.0,0.0
1740708061042,0.0,0.0,0.0
1740708061143,0.0,0.0,0.0
1740708061244,0.0,0.0,0.0
1740708061345,0.0,0.0,0.0
1740708061446,0.0,0.0,0.0
1740708061547,0.0,0.0,0.0
1740708061648,0.0,0.0,0.0
1740708061749,0.0,0.0,0.0
1740708061851,0.0,0.0,0.0
1740708061952,0.0,0.0,0.0
1740708062053,0.0,0.0,0.0
1740708062154,0.0,0.0,0.0
1740708062255,0.0,0.0,0.0
1740708062356,0.0,0.0,0.0
1740708062458,0.4,0.0,0.0
1740708062559,0.0,0.0,0.0
1740708062661,0.0,0.0,0.0
1740708062876,0.0,0.0,0.0
1740708062965,0.0,0.0,0.0
1740708063065,0.0,0.0,0.0
1740708063166,0.0,0.0,0.0
1740708063267,0.0,0.0,0.0
1740708063369,0.0,0.0,0.0
1740708063470,0.0,0.0,0.0
1740708063571,0.0,0.0,0.0
1740708063672,0.0,0.0,0.0
1740708063773,0.0,0.0,0.0
1740708063874,0.0,0.0,0.0
1740708063977,0.4,0.0,0.0
1740708064076,0.0,0.0,0.0
1740708064177,0.0,0.0,0.0
1740708064279,0.0,0.0,0.0
1740708064379,0.0,0.0,0.0
1740708064481,0.0,0.0,0.0
1740708064582,0.0,0.0,0.0
1740708064683,0.0,0.0,0.0
1740708064784,0.0,0.0,0.0
1740708065000,0.0,0.0,0.0
1740708065088,0.0,0.0,0.0
1740708065188,0.0,0.0,0.0
1740708065289,0.0,0.0,0.0
1740708065391,0.0,0.0,0.0
1740708065492,0.0,0.0,0.0
1740708065593,0.0,0.0,0.0
1740708065694,0.4,0.0,0.0
1740708065795,0.0,0.0,0.0
1740708065896,0.0,0.0,0.0
1740708065997,0.0,0.0,0.0
1740708066098,0.0,0.0,0.0
1740708066200,0.0,0.0,0.0
1740708066301,0.0,0.0,0.0
1740708066402,0.0,0.0,0.0
1740708066503,0.0,0.0,0.0
1740708066604,0.0,0.0,0.0
1740708066706,0.0,0.0,0.0
1740708066807,0.4,0.0,0.0
1740708066908,0.0,0.0,0.0
1740708067124,0.0,0.0,0.0
1740708067212,0.0,0.0,0.0
1740708067312,0.0,0.0,0.0
1740708067413,0.0,0.0,0.0
1740708067514,0.0,0.0,0.0
1740708067615,0.0,0.0,0.0
1740708067716,0.0,0.0,0.0
1740708067818,0.0,0.0,0.0
1740708067919,0.0,0.0,0.0
1740708068020,0.0,0.0,0.0
1740708068121,0.0,0.0,0.0
1740708068222,0.0,0.0,0.0
1740708068323,0.81,0.0,0.0
1740708068425,0.0,0.0,0.0
1740708068526,0.0,0.0,0.0
1740708068627,0.0,0.0,0.0
1740708068728,0.0,0.0,0.0
1740708068829,0.0,0.0,0.0
1740708068930,0.0,0.0,0.0
1740708069031,0.0,0.0,0.0
1740708069247,0.0,0.0,0.0
1740708069335,0.0,0.0,0.0
1740708069436,0.0,0.0,0.0
1740708069536,0.0,0.0,0.0
1740708069638,0.0,0.0,0.0
1740708069739,0.0,0.0,0.0
1740708069840,0.4,0.0,0.0
1740708069941,0.0,0.0,0.0
1740708070043,0.0,0.0,0.0
1740708070143,0.0,0.0,0.0
1740708070244,0.0,0.0,0.0
1740708070346,0.0,0.0,0.0
1740708070447,0.0,0.0,0.0
1740708070548,0.0,0.0,0.0
1740708070649,0.0,0.0,0.0
1740708070750,0.0,0.0,0.0
1740708070851,0.0,0.0,0.0
1740708070953,0.0,0.0,0.0
1740708071054,0.0,0.0,0.0
1740708071154,0.0,0.0,0.0
1740708071371,0.0,0.0,0.0
1740708071459,0.4,0.0,0.0
1740708071559,0.0,0.0,0.0
1740708071660,0.0,0.0,0.0
1740708071761,0.0,0.0,0.0
1740708071862,0.0,0.0,0.0
1740708071964,0.0,0.0,0.0
1740708072064,0.0,0.0,0.0
1740708072165,0.0,0.0,0.0
1740708072267,0.0,0.0,0.0
1740708072368,0.0,0.0,0.0
1740708072469,0.0,0.0,0.0
1740708072570,0.0,0.0,0.0
1740708072671,0.0,0.0,0.0
1740708072772,0.81,0.0,0.0
1740708072874,0.0,0.0,0.0
1740708072974,0.0,0.0,0.0
1740708073076,0.0,0.0,0.0
1740708073177,0.0,0.0,0.0
1740708073278,0.0,0.0,0.0
1740708073494,0.0,0.0,0.0
1740708073581,0.0,0.0,0.0
1740708073683,0.0,0.0,0.0
1740708073783,0.0,0.0,0.0
1740708073885,0.0,0.0,0.0
1740708073986,0.0,0.0,0.0
1740708074087,0.0,0.0,0.0
1740708074188,0.0,0.0,0.0
1740708074289,0.0,0.0,0.0
1740708074390,0.0,0.0,0.0
1740708074493,0.0,0.0,0.0
1740708074593,0.0,0.0,0.0
1740708074693,0.0,0.0,0.0
1740708074795,0.0,0.0,0.0
1740708074896,0.0,0.0,0.0
1740708074997,0.0,0.0,0.0
1740708075097,0.0,0.0,0.0
1740708075198,0.0,0.0,0.0
1740708075299,0.0,0.0,0.0
1740708075400,0.0,0.0,0.0
1740708075616,0.0,0.0,0.0
1740708075703,0.0,0.0,0.0
1740708075805,0.0,0.0,0.0
1740708075906,0.0,0.0,0.0
1740708076007,0.0,0.0,0.0
1740708076108,0.4,0.0,0.0
1740708076209,0.0,0.0,0.0
1740708076310,0.0,0.0,0.0
1740708076411,0.0,0.0,0.0
1740708076513,0.0,0.0,0.0
1740708076614,0.0,0.0,0.0
1740708076715,0.0,0.0,0.0
1740708076816,0.0,0.0,0.0
1740708076917,0.4,0.0,0.0
1740708077018,0.0,0.0,0.0
1740708077119,0.0,0.0,0.0
1740708077220,0.0,0.0,0.0
1740708077321,0.0,0.0,0.0
1740708077423,0.0,0.0,0.0
1740708077524,0.4,0.0,0.0
1740708077739,0.0,0.0,0.0
1740708077827,0.0,0.0,0.0
1740708077928,0.0,0.0,0.0
1740708078029,0.0,0.0,0.0
1740708078130,0.0,0.0,0.0
1740708078232,0.0,0.0,0.0
1740708078333,0.0,0.0,0.0
1740708078434,0.0,0.0,0.0
1740708078535,0.0,0.0,0.0
1740708078636,0.0,0.0,0.0
1740708078737,0.0,0.0,0.0
1740708078838,0.4,0.0,0.0
1740708078940,0.0,0.0,0.0
1740708079041,0.0,0.0,0.0
1740708079142,0.0,0.0,0.0
1740708079243,0.0,0.0,0.0
1740708079344,0.0,0.0,0.0
1740708079445,0.0,0.0,0.0
1740708079546,0.0,0.0,0.0
1740708079647,0.0,0.0,0.0
1740708079863,0.0,0.0,0.0
1740708079950,0.0,0.0,0.0
1740708080052,0.0,0.0,0.0
1740708080155,0.0,0.0,0.0
1740708080255,0.0,0.0,0.0
1740708080356,0.0,0.0,0.0
1740708080458,0.0,0.0,0.0
1740708080559,0.0,0.0,0.0
1740708080660,0.0,0.0,0.0
1740708080761,0.0,0.0,0.0
1740708080862,0.0,0.0,0.0
1740708080963,0.0,0.0,0.0
1740708081064,0.0,0.0,0.0
1740708081165,0.0,0.0,0.0
1740708081266,0.4,0.0,0.0
1740708081367,0.0,0.0,0.0
1740708081469,0.0,0.0,0.0
1740708081570,0.0,0.0,0.0
1740708081670,0.0,0.0,0.0
1740708081772,0.0,0.0,0.0
1740708081988,0.0,0.0,0.0
1740708082077,0.0,0.0,0.0
1740708082176,0.0,0.0,0.0
1740708082277,0.0,0.0,0.0
1740708082378,0.0,0.0,0.0
1740708082479,0.0,0.0,0.0
1740708082581,0.0,0.0,0.0
1740708082682,0.0,0.0,0.0
1740708082783,0.0,0.0,0.0
1740708082884,0.0,0.0,0.0
1740708082987,0.0,0.0,0.0
1740708083086,0.0,0.0,0.0
1740708083186,0.81,0.0,0.0
1740708083287,0.0,0.0,0.0
1740708083389,0.4,0.0,0.0
1740708083490,0.0,0.0,0.0
1740708083591,0.0,0.0,0.0
1740708083692,0.0,0.0,0.0
1740708083793,0.0,0.0,0.0
1740708083894,0.0,0.0,0.0
1740708084111,0.0,0.0,0.0
1740708084197,0.0,0.0,0.0
1740708084299,0.0,0.0,0.0
1740708084400,0.0,0.0,0.0
1740708084501,0.4,0.0,0.0
1740708084602,0.0,0.0,0.0
1740708084703,0.0,0.0,0.0
1740708084804,0.0,0.0,0.0
1740708084905,0.0,0.0,0.0
1740708085006,0.0,0.0,0.0
1740708085108,0.0,0.0,0.0
1740708085209,0.0,0.0,0.0
1740708085310,0.4,0.0,0.0
1740708085411,0.0,0.0,0.0
1740708085512,0.0,0.0,0.0
1740708085613,0.0,0.0,0.0
1740708085714,0.0,0.0,0.0
1740708085815,0.0,0.0,0.0
1740708085917,0.0,0.0,0.0
1740708086018,0.0,0.0,0.0
1740708086233,0.0,0.0,0.0
1740708086321,0.0,0.0,0.0
1740708086422,0.81,0.0,0.0
1740708086523,0.0,0.0,0.0
1740708086625,0.0,0.0,0.0
1740708086726,0.0,0.0,0.0
1740708086827,0.0,0.0,0.0
1740708086928,0.0,0.0,0.0
1740708087029,0.4,0.0,0.0
1740708087130,0.0,0.0,0.0
1740708087231,0.0,0.0,0.0
1740708087332,0.0,0.0,0.0
1740708087433,0.0,0.0,0.0
1740708087535,0.0,0.0,0.0
1740708087636,0.0,0.0,0.0
1740708087737,0.0,0.0,0.0
1740708087838,0.4,0.0,0.0
1740708087939,0.0,0.0,0.0
1740708088040,0.0,0.0,0.0
1740708088144,0.4,0.0,0.0
1740708088359,0.0,0.0,0.0
1740708088447,0.0,0.0,0.0
1740708088547,0.0,0.0,0.0
1740708088648,0.0,0.0,0.0
1740708088749,0.0,0.0,0.0
1740708088850,0.0,0.0,0.0
1740708088952,0.0,0.0,0.0
1740708089053,0.0,0.0,0.0
1740708089154,0.0,0.0,0.0
1740708089255,0.0,0.0,0.0
1740708089356,0.0,0.0,0.0
1740708089457,0.0,0.0,0.0
1740708089559,0.0,0.0,0.0
1740708089660,0.0,0.0,0.0
1740708089761,0.0,0.0,0.0
1740708089861,0.0,0.0,0.0
1740708089963,0.0,0.0,0.0
1740708090064,0.0,0.0,0.0
1740708090165,0.0,0.0,0.0
1740708090266,0.0,0.0,0.0
1740708090510,0.0,0.0,0.0
1740708090592,0.0,0.0,0.0
1740708090671,0.0,0.0,0.0
1740708090771,0.0,0.0,0.0
1740708090873,0.0,0.0,0.0
1740708090974,0.0,0.0,0.0
1740708091075,0.0,0.0,0.0
1740708091176,0.0,0.0,0.0
1740708091277,0.0,0.0,0.0
1740708091378,0.0,0.0,0.0
1740708091479,0.0,0.0,0.0
1740708091581,0.0,0.0,0.0
1740708091682,0.0,0.0,0.0
1740708091783,0.0,0.0,0.0
1740708091884,0.0,0.0,0.0
1740708091985,0.0,0.0,0.0
1740708092086,0.0,0.0,0.0
1740708092187,0.0,0.0,0.0
1740708092288,0.0,0.0,0.0
1740708092389,0.0,0.0,0.0
1740708092606,0.0,0.0,0.0
1740708092694,0.0,0.0,0.0
1740708092794,0.0,0.0,0.0
1740708092895,0.0,0.0,0.0
1740708092996,0.0,0.0,0.0
1740708093097,0.0,0.0,0.0
1740708093198,0.0,0.0,0.0
1740708093300,0.0,0.0,0.0
1740708093400,0.0,0.0,0.0
1740708093502,0.0,0.0,0.0
1740708093603,0.0,0.0,0.0
1740708093704,0.0,0.0,0.0
1740708093805,0.0,0.0,0.0
1740708093906,0.0,0.0,0.0
1740708094007,0.0,0.0,0.0
1740708094108,0.0,0.0,0.0
1740708094210,0.0,0.0,0.0
1740708094310,0.0,0.0,0.0
1740708094411,0.0,0.0,0.0
1740708094513,0.0,0.0,0.0
1740708094729,0.0,0.0,0.0
1740708094817,0.0,0.0,0.0
1740708094917,0.0,0.0,0.0
1740708095018,0.0,0.0,0.0
1740708095119,0.0,0.0,0.0
1740708095221,0.0,0.0,0.0
1740708095321,0.0,0.0,0.0
1740708095423,0.0,0.0,0.0
1740708095524,0.0,0.0,0.0
1740708095625,0.0,0.0,0.0
1740708095727,0.4,0.0,0.0
1740708095827,0.0,0.0,0.0
1740708095928,0.0,0.0,0.0
1740708096029,0.0,0.0,0.0
1740708096131,0.0,0.0,0.0
1740708096232,0.0,0.0,0.0
1740708096333,0.0,0.0,0.0
1740708096434,0.0,0.0,0.0
1740708096535,0.0,0.0,0.0
1740708096636,0.0,0.0,0.0
1740708096853,0.0,0.0,0.0
1740708096938,0.0,0.0,0.0
1740708097039,0.0,0.0,0.0
1740708097141,0.0,0.0,0.0
1740708097242,0.0,0.0,0.0
1740708097343,0.0,0.0,0.0
1740708097444,0.0,0.0,0.0
1740708097545,0.0,0.0,0.0
1740708097646,0.0,0.0,0.0
1740708097747,0.0,0.0,0.0
1740708097849,0.0,0.0,0.0
1740708097950,0.0,0.0,0.0
1740708098051,0.0,0.0,0.0
1740708098152,0.0,0.0,0.0
1740708098254,0.4,0.0,0.0
1740708098355,0.0,0.0,0.0
1740708098455,0.0,0.0,0.0
1740708098556,0.4,0.0,0.0
1740708098658,0.4,0.0,0.0
1740708098759,0.0,0.0,0.0
1740708098974,0.0,0.0,0.0
1740708099062,0.0,0.0,0.0
1740708099163,0.0,0.0,0.0
1740708099264,0.0,0.0,0.0
1740708099365,0.0,0.0,0.0
1740708099466,0.0,0.0,0.0
1740708099568,0.0,0.0,0.0
1740708099669,0.0,0.0,0.0
1740708099770,0.0,0.0,0.0
1740708099871,0.4,0.0,0.0
1740708099972,0.0,0.0,0.0
1740708100073,0.0,0.0,0.0
1740708100174,0.0,0.0,0.0
1740708100276,0.0,0.0,0.0
1740708100377,0.0,0.0,0.0
1740708100478,0.0,0.0,0.0
1740708100579,0.0,0.0,0.0
1740708100680,0.0,0.0,0.0
1740708100781,0.0,0.0,0.0
1740708100882,0.0,0.0,0.0
1740708101097,0.0,0.0,0.0
1740708101186,0.0,0.0,0.0
1740708101287,0.0,0.0,0.0
1740708101388,0.0,0.0,0.0
1740708101489,0.0,0.0,0.0
1740708101590,0.0,0.0,0.0
1740708101691,0.0,0.0,0.0
1740708101793,0.0,0.0,0.0
1740708101895,0.0,0.0,0.0
1740708101995,0.0,0.0,0.0
1740708102097,0.0,0.0,0.0
1740708102198,0.0,0.0,0.0
1740708102299,0.0,0.0,0.0
1740708102400,0.0,0.0,0.0
1740708102501,0.0,0.0,0.0
1740708102602,0.0,0.0,0.0
1740708102704,0.0,0.0,0.0
1740708102805,0.0,0.0,0.0
1740708102906,0.0,0.0,0.0
1740708103007,0.4,0.0,0.0
1740708103222,0.0,0.0,0.0
1740708103311,0.0,0.0,0.0
1740708103412,0.0,0.0,0.0
1740708103512,0.0,0.0,0.0
1740708103614,0.0,0.0,0.0
1740708103715,0.0,0.0,0.0
1740708103816,0.0,0.0,0.0
1740708103917,0.0,0.0,0.0
1740708104020,0.0,0.0,0.0
1740708104119,0.0,0.0,0.0
1740708104220,0.0,0.0,0.0
1740708104321,0.0,0.0,0.0
1740708104423,0.0,0.0,0.0
1740708104524,0.4,0.0,0.0
1740708104625,0.0,0.0,0.0
1740708104727,0.0,0.0,0.0
1740708104827,0.0,0.0,0.0
1740708104928,0.0,0.0,0.0
1740708105029,0.0,0.0,0.0
1740708105131,0.0,0.0,0.0
1740708105347,0.0,0.0,0.0
1740708105434,0.0,0.0,0.0
1740708105535,0.0,0.0,0.0
1740708105636,0.4,0.0,0.0
1740708105737,0.0,0.0,0.0
1740708105838,0.0,0.0,0.0
1740708105939,0.0,0.0,0.0
1740708106041,0.0,0.0,0.0
1740708106142,0.0,0.0,0.0
1740708106243,0.0,0.0,0.0
1740708106344,0.0,0.0,0.0
1740708106445,0.0,0.0,0.0
1740708106546,0.0,0.0,0.0
1740708106647,0.0,0.0,0.0
1740708106748,0.0,0.0,0.0
1740708106849,0.0,0.0,0.0
1740708106950,0.0,0.0,0.0
1740708107052,0.0,0.0,0.0
1740708107153,0.0,0.0,0.0
1740708107254,0.0,0.0,0.0
1740708107470,0.0,0.0,0.0
1740708107558,0.0,0.0,0.0
1740708107659,0.0,0.0,0.0
1740708107760,0.0,0.0,0.0
1740708107861,0.0,0.0,0.0
1740708107962,0.0,0.0,0.0
1740708108063,0.0,0.0,0.0
1740708108164,0.0,0.0,0.0
1740708108265,0.0,0.0,0.0
1740708108366,0.0,0.0,0.0
1740708108467,0.0,0.0,0.0
1740708108568,0.0,0.0,0.0
1740708108669,0.0,0.0,0.0
1740708108771,0.0,0.0,0.0
1740708108871,0.0,0.0,0.0
1740708108972,0.0,0.0,0.0
1740708109074,0.0,0.0,0.0
1740708109176,0.0,0.0,0.0
1740708109276,0.0,0.0,0.0
1740708109377,0.0,0.0,0.0
1740708109592,0.0,0.0,0.0
1740708109681,0.0,0.0,0.0
1740708109782,0.0,0.0,0.0
1740708109883,0.0,0.0,0.0
1740708109984,0.0,0.0,0.0
1740708110084,0.0,0.0,0.0
1740708110187,0.4,0.0,0.0
1740708110287,0.0,0.0,0.0
1740708110388,0.0,0.0,0.0
1740708110490,0.0,0.0,0.0
1740708110591,0.0,0.0,0.0
1740708110692,0.0,0.0,0.0
1740708110794,0.0,0.0,0.0
1740708110894,0.0,0.0,0.0
1740708110995,0.0,0.0,0.0
1740708111096,0.0,0.0,0.0
1740708111197,0.0,0.0,0.0
1740708111298,0.0,0.0,0.0
1740708111400,0.0,0.0,0.0
1740708111501,0.0,0.0,0.0
1740708111716,0.0,0.0,0.0
1740708111805,0.0,0.0,0.0
1740708111906,0.0,0.0,0.0
1740708112006,0.4,0.0,0.0
1740708112108,0.0,0.0,0.0
1740708112209,0.0,0.0,0.0
1740708112310,0.0,0.0,0.0
1740708112410,0.0,0.0,0.0
1740708112512,0.0,0.0,0.0
1740708112613,0.0,0.0,0.0
1740708112714,0.0,0.0,0.0
1740708112815,0.0,0.0,0.0
1740708112916,0.0,0.0,0.0
1740708113019,0.0,0.0,0.0
1740708113118,0.0,0.0,0.0
1740708113219,0.0,0.0,0.0
1740708113321,0.0,0.0,0.0
1740708113422,0.0,0.0,0.0
1740708113523,0.0,0.0,0.0
1740708113625,0.0,0.0,0.0
1740708113840,0.0,0.0,0.0
1740708113928,0.0,0.0,0.0
1740708114030,0.0,0.0,0.0
1740708114129,0.0,0.0,0.0
1740708114230,0.0,0.0,0.0
1740708114331,0.0,0.0,0.0
1740708114432,0.0,0.0,0.0
1740708114533,0.0,0.0,0.0
1740708114634,0.0,0.0,0.0
1740708114735,0.0,0.0,0.0
1740708114836,0.0,0.0,0.0
1740708114937,0.0,0.0,0.0
1740708115039,0.0,0.0,0.0
1740708115140,0.0,0.0,0.0
1740708115241,0.0,0.0,0.0
1740708115342,0.81,0.0,0.0
1740708115443,0.0,0.0,0.0
1740708115544,0.0,0.0,0.0
1740708115645,0.0,0.0,0.0
1740708115747,0.0,0.0,0.0
1740708115962,0.0,0.0,0.0
1740708116050,0.0,0.0,0.0
1740708116151,0.0,0.0,0.0
1740708116252,0.0,0.0,0.0
1740708116353,0.0,0.0,0.0
1740708116454,0.0,0.0,0.0
1740708116555,0.0,0.0,0.0
1740708116657,0.0,0.0,0.0
1740708116758,0.4,0.0,0.0
1740708116859,0.0,0.0,0.0
1740708116960,0.0,0.0,0.0
1740708117061,0.0,0.0,0.0
1740708117162,0.0,0.0,0.0
1740708117263,0.0,0.0,0.0
1740708117365,0.0,0.0,0.0
1740708117466,0.0,0.0,0.0
1740708117567,0.0,0.0,0.0
1740708117668,0.0,0.0,0.0
1740708117769,0.0,0.0,0.0
1740708117870,0.0,0.0,0.0
1740708118082,0.0,0.0,0.0
1740708118173,0.0,0.0,0.0
1740708118275,0.81,0.0,0.0
1740708118376,0.0,0.0,0.0
1740708118477,0.4,0.0,0.0
1740708118578,0.0,0.0,0.0
1740708118679,0.0,0.0,0.0
1740708118780,0.0,0.0,0.0
1740708118881,0.0,0.0,0.0
1740708118982,0.0,0.0,0.0
1740708119084,0.0,0.0,0.0
1740708119188,0.0,0.0,0.0
1740708119287,0.0,0.0,0.0
1740708119389,0.0,0.0,0.0
1740708119489,0.0,0.0,0.0
1740708119591,0.0,0.0,0.0
1740708119692,0.0,0.0,0.0
1740708119793,0.0,0.0,0.0
1740708119894,0.0,0.0,0.0
1740708119995,0.0,0.0,0.0
1740708120211,0.0,0.0,0.0
1740708120299,0.0,0.0,0.0
1740708120399,0.0,0.0,0.0
1740708120500,0.0,0.0,0.0
1740708120601,0.0,0.0,0.0
1740708120702,0.0,0.0,0.0
1740708120803,0.0,0.0,0.0
1740708120905,0.0,0.0,0.0
1740708121005,0.0,0.0,0.0
1740708121107,0.4,0.0,0.0
1740708121208,0.0,0.0,0.0
1740708121309,0.0,0.0,0.0
1740708121410,0.0,0.0,0.0
1740708121511,0.0,0.0,0.0
1740708121612,0.0,0.0,0.0
1740708121714,0.0,0.0,0.0
1740708121815,0.0,0.0,0.0
1740708121916,0.0,0.0,0.0
1740708122017,0.0,0.0,0.0
1740708122118,0.0,0.0,0.0
1740708122335,0.0,0.0,0.0
1740708122422,0.0,0.0,0.0
1740708122523,0.0,0.0,0.0
1740708122624,0.4,0.0,0.0
1740708122725,0.0,0.0,0.0
1740708122826,0.0,0.0,0.0
1740708122927,0.0,0.0,0.0
1740708123028,0.0,0.0,0.0
1740708123130,0.0,0.0,0.0
1740708123231,0.0,0.0,0.0
1740708123332,0.0,0.0,0.0
1740708123433,0.0,0.0,0.0
1740708123534,0.0,0.0,0.0
1740708123635,0.0,0.0,0.0
1740708123736,0.0,0.0,0.0
1740708123837,0.0,0.0,0.0
1740708123938,0.0,0.0,0.0
1740708124040,0.0,0.0,0.0
1740708124140,0.4,0.0,0.0
1740708124242,0.0,0.0,0.0
1740708124460,0.4,0.0,0.0
1740708124548,0.0,0.0,0.0
1740708124646,0.0,0.0,0.0
1740708124747,0.0,0.0,0.0
1740708124849,0.0,0.0,0.0
1740708124950,0.0,0.0,0.0
1740708125051,0.0,0.0,0.0
1740708125152,0.0,0.0,0.0
1740708125254,0.0,0.0,0.0
1740708125354,0.0,0.0,0.0
1740708125455,0.0,0.0,0.0
1740708125557,0.0,0.0,0.0
1740708125658,0.0,0.0,0.0
1740708125759,0.0,0.0,0.0
1740708125860,0.0,0.0,0.0
1740708125961,0.0,0.0,0.0
1740708126062,0.4,0.0,0.0
1740708126163,0.0,0.0,0.0
1740708126264,0.0,0.0,0.0
1740708126365,0.0,0.0,0.0
1740708126660,0.0,0.0,0.0
1740708126742,0.0,0.0,0.0
1740708126821,0.0,0.0,0.0
1740708126922,0.0,0.0,0.0
1740708127023,0.0,0.0,0.0
1740708127124,0.0,0.0,0.0
1740708127225,0.0,0.0,0.0
1740708127327,0.4,0.0,0.0
1740708127428,0.0,0.0,0.0
1740708127528,0.0,0.0,0.0
1740708127629,0.0,0.0,0.0
1740708127731,0.0,0.0,0.0
1740708127832,0.0,0.0,0.0
1740708127933,0.0,0.0,0.0
1740708128034,0.0,0.0,0.0
1740708128135,0.0,0.0,0.0
1740708128236,0.0,0.0,0.0
1740708128337,0.0,0.0,0.0
1740708128438,0.0,0.0,0.0
1740708128539,0.0,0.0,0.0
1740708128756,0.4,0.0,0.0
1740708128844,0.0,0.0,0.0
1740708128944,0.0,0.0,0.0
1740708129046,0.0,0.0,0.0
1740708129146,0.0,0.0,0.0
1740708129247,0.0,0.0,0.0
1740708129348,0.0,0.0,0.0
1740708129449,0.0,0.0,0.0
1740708129551,0.0,0.0,0.0
1740708129652,0.0,0.0,0.0
1740708129753,0.0,0.0,0.0
1740708129854,0.0,0.0,0.0
1740708129955,0.0,0.0,0.0
1740708130056,0.0,0.0,0.0
1740708130157,0.0,0.0,0.0
1740708130259,0.0,0.0,0.0
1740708130360,0.0,0.0,0.0
1740708130461,0.0,0.0,0.0
1740708130562,0.0,0.0,0.0
1740708130663,0.0,0.0,0.0
1740708130879,0.0,0.0,0.0
1740708130967,0.0,0.0,0.0
1740708131067,0.0,0.0,0.0
1740708131168,0.0,0.0,0.0
1740708131269,0.0,0.0,0.0
1740708131371,0.0,0.0,0.0
1740708131472,0.0,0.0,0.0
1740708131573,0.0,0.0,0.0
1740708131674,0.0,0.0,0.0
1740708131774,0.0,0.0,0.0
1740708131877,0.0,0.0,0.0
1740708131977,0.0,0.0,0.0
1740708132078,0.0,0.0,0.0
1740708132180,0.0,0.0,0.0
1740708132281,0.0,0.0,0.0
1740708132382,0.0,0.0,0.0
1740708132483,0.0,0.0,0.0
1740708132584,0.0,0.0,0.0
1740708132685,0.0,0.0,0.0
1740708132786,0.0,0.0,0.0
1740708133003,0.0,0.0,0.0
1740708133090,0.0,0.0,0.0
1740708133190,0.0,0.0,0.0
1740708133292,0.0,0.0,0.0
1740708133393,0.0,0.0,0.0
1740708133494,0.0,0.0,0.0
1740708133595,0.0,0.0,0.0
1740708133696,0.0,0.0,0.0
1740708133797,0.0,0.0,0.0
1740708133898,0.0,0.0,0.0
1740708134000,0.0,0.0,0.0
1740708134101,0.0,0.0,0.0
1740708134202,0.0,0.0,0.0
1740708134303,0.0,0.0,0.0
1740708134404,0.0,0.0,0.0
1740708134505,0.0,0.0,0.0
1740708134606,0.0,0.0,0.0
1740708134708,0.4,0.0,0.0
1740708134808,0.0,0.0,0.0
1740708134910,0.0,0.0,0.0
1740708135124,0.0,0.0,0.0
1740708135213,0.0,0.0,0.0
1740708135314,0.0,0.0,0.0
1740708135415,0.0,0.0,0.0
1740708135516,0.0,0.0,0.0
1740708135617,0.0,0.0,0.0
1740708135719,0.0,0.0,0.0
1740708135820,0.0,0.0,0.0
1740708135921,0.0,0.0,0.0
1740708136022,0.0,0.0,0.0
1740708136123,0.0,0.0,0.0
1740708136224,0.0,0.0,0.0
1740708136326,0.0,0.0,0.0
1740708136427,0.0,0.0,0.0
1740708136527,0.0,0.0,0.0
1740708136629,0.0,0.0,0.0
1740708136730,0.0,0.0,0.0
1740708136831,0.0,0.0,0.0
1740708136932,0.0,0.0,0.0
1740708137033,0.0,0.0,0.0
                                                                                                                                                                                                                                                                                                                                                                                                                                                                                                                                                                                                                                                                                                                                                                                                                                                                                                                                                                                                                                                                                                                                                                                                                                                                                                                                                                                                                                                                                                                                                                                                                                                                                                                                                                                                                                                                                                                                                                                                                                                                                                                                                                                                                                                                                                                                                                                                                                                                                                                                                                                       